{"cameraMode":{"drawMode":0,"name":"Shaded","section":"Shading Mode"},"sceneLighting":false,"audioPlay":false,"sceneViewState":{"showFog":true,"showMaterialUpdate":false,"showSkybox":false,"showFlares":true,"showImageEffects":true,"showParticleSystems":true},"in2DMode":false,"pivot":{"x":0.011352062225341797,"y":1.2039645910263062,"z":-0.0975537896156311},"rotation":{"x":0.1958846002817154,"y":0.2962154746055603,"z":-0.062207698822021487,"w":0.9327471852302551},"size":1.6698694229125977,"orthographic":true}