{"cameraMode":{"drawMode":0,"name":"Shaded","section":"Shading Mode"},"sceneLighting":true,"audioPlay":false,"sceneViewState":{"showFog":true,"showMaterialUpdate":false,"showSkybox":true,"showFlares":true,"showImageEffects":true,"showParticleSystems":true},"in2DMode":false,"pivot":{"x":-2.384185791015625e-7,"y":1.3614399433135987,"z":-11.09999942779541},"rotation":{"x":0.11317165195941925,"y":0.6457156538963318,"z":-0.09759096801280976,"w":0.7488149404525757},"size":88.65791320800781,"orthographic":true}