{"cameraMode":{"drawMode":0,"name":"Shaded","section":"Shading Mode"},"sceneLighting":false,"audioPlay":false,"sceneViewState":{"showFog":true,"showMaterialUpdate":false,"showSkybox":false,"showFlares":true,"showImageEffects":true,"showParticleSystems":true},"in2DMode":false,"pivot":{"x":0.0037346407771110536,"y":0.2655453085899353,"z":0.011832430958747864},"rotation":{"x":0.1958846002817154,"y":0.2962154746055603,"z":-0.062207698822021487,"w":0.9327471852302551},"size":0.3865527808666229,"orthographic":true}