{"cameraMode":{"drawMode":0,"name":"Shaded","section":"Shading Mode"},"sceneLighting":true,"audioPlay":false,"sceneViewState":{"showFog":true,"showMaterialUpdate":false,"showSkybox":true,"showFlares":true,"showImageEffects":true,"showParticleSystems":true},"in2DMode":false,"pivot":{"x":-3.95719051361084,"y":5.909999847412109,"z":-19.81999969482422},"rotation":{"x":-0.03763165697455406,"y":0.850054919719696,"z":-0.06130996346473694,"w":-0.5217581987380981},"size":11.249312400817871,"orthographic":true}