{"cameraMode":{"drawMode":0,"name":"Shaded","section":"Shading Mode"},"sceneLighting":false,"audioPlay":false,"sceneViewState":{"showFog":true,"showMaterialUpdate":false,"showSkybox":false,"showFlares":true,"showImageEffects":true,"showParticleSystems":true},"in2DMode":false,"pivot":{"x":-0.28285980224609377,"y":-0.0023310184478759767,"z":-0.20624351501464845},"rotation":{"x":0.1958846002817154,"y":0.2962154746055603,"z":-0.062207698822021487,"w":0.9327471852302551},"size":15.217021942138672,"orthographic":true}